"id_measurement";"timestamp";"x";"y";"z";"direction";"x_deg";"y_deg";"z_deg";"gravity";"mac_address"
"167";"2024-11-25 16:02:45";"1896";"1922";"2283";"5";"92";"88";"0";"1021";"CD:72:02:F4:FB:67"
"168";"2024-11-25 16:02:46";"1901";"1922";"2287";"5";"91";"88";"0";"1032";"CD:72:02:F4:FB:67"
"169";"2024-11-25 16:02:47";"1900";"1921";"2280";"5";"91";"88";"0";"1013";"CD:72:02:F4:FB:67"
"170";"2024-11-25 16:02:48";"1898";"1920";"2285";"5";"91";"88";"0";"1027";"CD:72:02:F4:FB:67"
"171";"2024-11-25 16:02:49";"1900";"1918";"2286";"5";"91";"88";"0";"1030";"CD:72:02:F4:FB:67"
"172";"2024-11-25 16:02:50";"1906";"1920";"2285";"5";"90";"88";"0";"1027";"CD:72:02:F4:FB:67"
"173";"2024-11-25 16:02:51";"1897";"1920";"2288";"5";"91";"88";"0";"1035";"CD:72:02:F4:FB:67"
"174";"2024-11-25 16:02:52";"1904";"1918";"2281";"5";"90";"88";"0";"1016";"CD:72:02:F4:FB:67"
"175";"2024-11-25 16:02:53";"1898";"1920";"2285";"5";"91";"88";"0";"1027";"CD:72:02:F4:FB:67"
"176";"2024-11-25 16:02:54";"1899";"1922";"2277";"5";"91";"88";"0";"1005";"CD:72:02:F4:FB:67"
"177";"2024-11-25 16:02:55";"1900";"1922";"2286";"5";"91";"88";"0";"1030";"CD:72:02:F4:FB:67"
"178";"2024-11-25 16:02:56";"1900";"1919";"2288";"5";"91";"88";"0";"1035";"CD:72:02:F4:FB:67"
"179";"2024-11-25 16:02:57";"1897";"1915";"2285";"5";"91";"89";"0";"1027";"CD:72:02:F4:FB:67"
"180";"2024-11-25 16:02:58";"1899";"1921";"2285";"5";"91";"88";"0";"1027";"CD:72:02:F4:FB:67"
"181";"2024-11-25 16:02:59";"1901";"1921";"2283";"5";"91";"88";"0";"1021";"CD:72:02:F4:FB:67"
"182";"2024-11-25 16:03:00";"1896";"1915";"2281";"5";"92";"89";"0";"1016";"CD:72:02:F4:FB:67"
"183";"2024-11-25 16:03:01";"1901";"1914";"2282";"5";"91";"89";"0";"1019";"CD:72:02:F4:FB:67"
"184";"2024-11-25 16:03:02";"1903";"1922";"2278";"5";"91";"88";"0";"1008";"CD:72:02:F4:FB:67"
"185";"2024-11-25 16:03:03";"1905";"1925";"2288";"5";"90";"87";"0";"1035";"CD:72:02:F4:FB:67"
"186";"2024-11-25 16:03:04";"1903";"1914";"2278";"5";"91";"89";"0";"1008";"CD:72:02:F4:FB:67"
"187";"2024-11-25 16:03:05";"1897";"1915";"2288";"5";"91";"89";"0";"1035";"CD:72:02:F4:FB:67"
"188";"2024-11-25 16:03:06";"1896";"1915";"2285";"5";"92";"89";"0";"1027";"CD:72:02:F4:FB:67"
"189";"2024-11-25 16:03:07";"1904";"1921";"2287";"5";"90";"88";"0";"1032";"CD:72:02:F4:FB:67"
"190";"2024-11-25 16:03:08";"1897";"1919";"2290";"5";"91";"88";"0";"1041";"CD:72:02:F4:FB:67"
"191";"2024-11-25 16:03:09";"1902";"1919";"2282";"5";"91";"88";"0";"1019";"CD:72:02:F4:FB:67"
"192";"2024-11-25 16:03:10";"1901";"1915";"2282";"5";"91";"89";"0";"1019";"CD:72:02:F4:FB:67"
"193";"2024-11-25 16:03:11";"1899";"1919";"2278";"5";"91";"88";"0";"1008";"CD:72:02:F4:FB:67"
"194";"2024-11-25 16:03:12";"1900";"1920";"2280";"5";"91";"88";"0";"1013";"CD:72:02:F4:FB:67"
"195";"2024-11-25 16:03:13";"1903";"1920";"2279";"5";"91";"88";"0";"1010";"CD:72:02:F4:FB:67"
"196";"2024-11-25 16:03:14";"1902";"1922";"2288";"5";"91";"88";"0";"1035";"CD:72:02:F4:FB:67"
"197";"2024-11-25 16:03:15";"1900";"1920";"2279";"5";"91";"88";"0";"1010";"CD:72:02:F4:FB:67"
"198";"2024-11-25 16:03:16";"1901";"1918";"2288";"5";"91";"88";"0";"1035";"CD:72:02:F4:FB:67"
"199";"2024-11-25 16:03:17";"1902";"1914";"2284";"5";"91";"89";"0";"1024";"CD:72:02:F4:FB:67"
"200";"2024-11-25 16:03:18";"1900";"1920";"2287";"5";"91";"88";"0";"1032";"CD:72:02:F4:FB:67"
"201";"2024-11-25 16:03:19";"1898";"1919";"2279";"5";"91";"88";"0";"1010";"CD:72:02:F4:FB:67"
"202";"2024-11-25 16:03:20";"1902";"1921";"2286";"5";"91";"88";"0";"1030";"CD:72:02:F4:FB:67"
"203";"2024-11-25 16:03:21";"1897";"1915";"2276";"5";"92";"89";"0";"1002";"CD:72:02:F4:FB:67"
"204";"2024-11-25 16:03:22";"1899";"1917";"2282";"5";"91";"88";"0";"1019";"CD:72:02:F4:FB:67"
"205";"2024-11-25 16:03:23";"1900";"1917";"2282";"5";"91";"88";"0";"1019";"CD:72:02:F4:FB:67"
"206";"2024-11-25 16:03:24";"1901";"1920";"2289";"5";"91";"88";"0";"1038";"CD:72:02:F4:FB:67"
"207";"2024-11-25 16:03:25";"1901";"1916";"2284";"5";"91";"89";"0";"1024";"CD:72:02:F4:FB:67"
"208";"2024-11-25 16:03:26";"1897";"1919";"2276";"5";"92";"88";"0";"1002";"CD:72:02:F4:FB:67"
"209";"2024-11-25 16:03:27";"1904";"1917";"2284";"5";"90";"88";"0";"1024";"CD:72:02:F4:FB:67"
"210";"2024-11-25 16:03:28";"1906";"1920";"2282";"5";"90";"88";"0";"1019";"CD:72:02:F4:FB:67"
"211";"2024-11-25 16:03:29";"1895";"1915";"2283";"5";"92";"89";"0";"1021";"CD:72:02:F4:FB:67"
"212";"2024-11-25 16:03:30";"1901";"1919";"2277";"5";"91";"88";"0";"1005";"CD:72:02:F4:FB:67"
"213";"2024-11-25 16:03:31";"1904";"1922";"2285";"5";"90";"88";"0";"1027";"CD:72:02:F4:FB:67"
"214";"2024-11-25 16:03:32";"1900";"1924";"2282";"5";"91";"87";"0";"1019";"CD:72:02:F4:FB:67"
"215";"2024-11-25 16:03:33";"1903";"1916";"2283";"5";"91";"89";"0";"1021";"CD:72:02:F4:FB:67"
"216";"2024-11-25 16:03:34";"1908";"1917";"2280";"5";"90";"88";"0";"1013";"CD:72:02:F4:FB:67"
"217";"2024-11-25 16:03:35";"1902";"1918";"2278";"5";"91";"88";"0";"1008";"CD:72:02:F4:FB:67"
"218";"2024-11-25 16:03:36";"1900";"1922";"2283";"5";"91";"88";"0";"1021";"CD:72:02:F4:FB:67"
"219";"2024-11-25 16:03:37";"1897";"1914";"2284";"5";"91";"89";"0";"1024";"CD:72:02:F4:FB:67"
"220";"2024-11-25 16:03:38";"1901";"1920";"2284";"5";"91";"88";"0";"1024";"CD:72:02:F4:FB:67"
"221";"2024-11-25 16:03:39";"1902";"1915";"2278";"5";"91";"89";"0";"1008";"CD:72:02:F4:FB:67"
"222";"2024-11-25 16:03:40";"1899";"1917";"2280";"5";"91";"88";"0";"1013";"CD:72:02:F4:FB:67"
"223";"2024-11-25 16:03:41";"1902";"1918";"2284";"5";"91";"88";"0";"1024";"CD:72:02:F4:FB:67"
"224";"2024-11-25 16:03:42";"1898";"1918";"2282";"5";"91";"88";"0";"1019";"CD:72:02:F4:FB:67"
"225";"2024-11-25 16:03:43";"1897";"1922";"2285";"5";"91";"88";"0";"1027";"CD:72:02:F4:FB:67"
"226";"2024-11-25 16:03:44";"1902";"1920";"2288";"5";"91";"88";"0";"1035";"CD:72:02:F4:FB:67"
"227";"2024-11-25 16:03:45";"1901";"1925";"2287";"5";"91";"87";"0";"1032";"CD:72:02:F4:FB:67"
"228";"2024-11-25 16:03:46";"1899";"1921";"2282";"5";"91";"88";"0";"1019";"CD:72:02:F4:FB:67"
"229";"2024-11-25 16:03:47";"1898";"1917";"2283";"5";"91";"88";"0";"1021";"CD:72:02:F4:FB:67"
"230";"2024-11-25 16:03:48";"1899";"1923";"2286";"5";"91";"88";"0";"1030";"CD:72:02:F4:FB:67"
"231";"2024-11-25 16:03:49";"1901";"1918";"2286";"5";"91";"88";"0";"1030";"CD:72:02:F4:FB:67"
"232";"2024-11-25 16:03:50";"1902";"1921";"2283";"5";"91";"88";"0";"1021";"CD:72:02:F4:FB:67"
"233";"2024-11-25 16:03:51";"1898";"1923";"2283";"5";"91";"88";"0";"1021";"CD:72:02:F4:FB:67"
"234";"2024-11-25 16:03:52";"1901";"1915";"2282";"5";"91";"89";"0";"1019";"CD:72:02:F4:FB:67"
"235";"2024-11-25 16:03:53";"1898";"1920";"2283";"5";"91";"88";"0";"1021";"CD:72:02:F4:FB:67"
"236";"2024-11-25 16:03:54";"1903";"1924";"2291";"5";"91";"87";"0";"1043";"CD:72:02:F4:FB:67"
"237";"2024-11-25 16:03:55";"1899";"1915";"2285";"5";"91";"89";"0";"1027";"CD:72:02:F4:FB:67"
"238";"2024-11-25 16:03:56";"1902";"1923";"2286";"5";"91";"88";"0";"1030";"CD:72:02:F4:FB:67"
"239";"2024-11-25 16:03:57";"1902";"1917";"2287";"5";"91";"88";"0";"1032";"CD:72:02:F4:FB:67"
"240";"2024-11-25 16:03:58";"1901";"1918";"2281";"5";"91";"88";"0";"1016";"CD:72:02:F4:FB:67"
"241";"2024-11-25 16:03:59";"1896";"1908";"2284";"5";"92";"90";"0";"1024";"CD:72:02:F4:FB:67"
"242";"2024-11-25 16:04:00";"1896";"1921";"2283";"5";"92";"88";"0";"1021";"CD:72:02:F4:FB:67"
"243";"2024-11-25 16:04:01";"1893";"1917";"2288";"5";"92";"88";"0";"1035";"CD:72:02:F4:FB:67"
"244";"2024-11-25 16:04:02";"1900";"1917";"2283";"5";"91";"88";"0";"1021";"CD:72:02:F4:FB:67"
"245";"2024-11-25 16:04:03";"1903";"1917";"2280";"5";"91";"88";"0";"1013";"CD:72:02:F4:FB:67"
"246";"2024-11-25 16:04:04";"1899";"1919";"2281";"5";"91";"88";"0";"1016";"CD:72:02:F4:FB:67"
"247";"2024-11-25 16:04:05";"1898";"1923";"2289";"5";"91";"88";"0";"1038";"CD:72:02:F4:FB:67"
"248";"2024-11-25 16:04:06";"1901";"1918";"2284";"5";"91";"88";"0";"1024";"CD:72:02:F4:FB:67"
"249";"2024-11-25 16:04:07";"1899";"1916";"2281";"5";"91";"89";"0";"1016";"CD:72:02:F4:FB:67"
"250";"2024-11-25 16:04:08";"1902";"1921";"2281";"5";"91";"88";"0";"1016";"CD:72:02:F4:FB:67"
"251";"2024-11-25 16:04:09";"1903";"1915";"2279";"5";"91";"89";"0";"1010";"CD:72:02:F4:FB:67"
"252";"2024-11-25 16:04:10";"1900";"1921";"2284";"5";"91";"88";"0";"1024";"CD:72:02:F4:FB:67"
"253";"2024-11-25 16:04:11";"1903";"1919";"2290";"5";"91";"88";"0";"1041";"CD:72:02:F4:FB:67"
"254";"2024-11-25 16:04:12";"1902";"1918";"2287";"5";"91";"88";"0";"1032";"CD:72:02:F4:FB:67"
"255";"2024-11-25 16:04:13";"1902";"1926";"2286";"5";"91";"87";"0";"1030";"CD:72:02:F4:FB:67"
"256";"2024-11-25 16:04:14";"1899";"1915";"2280";"5";"91";"89";"0";"1013";"CD:72:02:F4:FB:67"
"257";"2024-11-25 16:04:15";"1896";"1922";"2290";"5";"92";"88";"0";"1041";"CD:72:02:F4:FB:67"
"258";"2024-11-25 16:04:16";"1902";"1923";"2287";"5";"91";"88";"0";"1032";"CD:72:02:F4:FB:67"
"259";"2024-11-25 16:04:17";"1902";"1921";"2281";"5";"91";"88";"0";"1016";"CD:72:02:F4:FB:67"
"260";"2024-11-25 16:04:18";"1900";"1919";"2284";"5";"91";"88";"0";"1024";"CD:72:02:F4:FB:67"
"261";"2024-11-25 16:04:19";"1904";"1922";"2283";"5";"90";"88";"0";"1021";"CD:72:02:F4:FB:67"
"262";"2024-11-25 16:04:20";"1907";"1924";"2284";"5";"90";"87";"0";"1024";"CD:72:02:F4:FB:67"
"263";"2024-11-25 16:04:21";"1905";"1918";"2285";"5";"90";"88";"0";"1027";"CD:72:02:F4:FB:67"
"264";"2024-11-25 16:04:22";"1902";"1921";"2285";"5";"91";"88";"0";"1027";"CD:72:02:F4:FB:67"
"265";"2024-11-25 16:04:23";"1905";"1918";"2285";"5";"90";"88";"0";"1027";"CD:72:02:F4:FB:67"
"266";"2024-11-25 16:04:24";"1904";"1918";"2282";"5";"90";"88";"0";"1019";"CD:72:02:F4:FB:67"
"267";"2024-11-25 16:05:05";"1878";"1886";"1523";"6";"94";"93";"174";"1065";"CD:72:02:F4:FB:67"
"268";"2024-11-25 16:05:06";"1875";"1878";"1522";"6";"95";"94";"174";"1068";"CD:72:02:F4:FB:67"
"269";"2024-11-25 16:05:07";"1887";"1881";"1522";"6";"93";"94";"175";"1065";"CD:72:02:F4:FB:67"
"270";"2024-11-25 16:05:08";"1879";"1877";"1523";"6";"94";"94";"174";"1065";"CD:72:02:F4:FB:67"
"271";"2024-11-25 16:05:09";"1880";"1878";"1529";"6";"94";"94";"174";"1049";"CD:72:02:F4:FB:67"
"272";"2024-11-25 16:05:10";"1882";"1879";"1524";"6";"94";"94";"174";"1063";"CD:72:02:F4:FB:67"
"273";"2024-11-25 16:05:11";"1882";"1877";"1523";"6";"94";"94";"174";"1065";"CD:72:02:F4:FB:67"
"274";"2024-11-25 16:05:12";"1880";"1891";"1537";"6";"94";"92";"175";"1024";"CD:72:02:F4:FB:67"
"275";"2024-11-25 16:05:13";"1882";"1880";"1520";"6";"94";"94";"174";"1073";"CD:72:02:F4:FB:67"
"276";"2024-11-25 16:05:14";"1876";"1879";"1518";"6";"94";"94";"174";"1079";"CD:72:02:F4:FB:67"
"277";"2024-11-25 16:05:15";"1884";"1882";"1525";"6";"93";"94";"175";"1057";"CD:72:02:F4:FB:67"
"278";"2024-11-25 16:05:16";"1873";"1881";"1517";"6";"95";"94";"174";"1082";"CD:72:02:F4:FB:67"
"279";"2024-11-25 16:05:17";"1885";"1875";"1527";"6";"93";"95";"174";"1054";"CD:72:02:F4:FB:67"
"280";"2024-11-25 16:05:18";"1876";"1879";"1518";"6";"94";"94";"174";"1079";"CD:72:02:F4:FB:67"
"281";"2024-11-25 16:05:19";"1884";"1883";"1518";"6";"93";"93";"175";"1076";"CD:72:02:F4:FB:67"
"282";"2024-11-25 16:05:20";"1879";"1875";"1523";"6";"94";"95";"174";"1065";"CD:72:02:F4:FB:67"
"283";"2024-11-25 16:05:21";"1886";"1879";"1520";"6";"93";"94";"175";"1071";"CD:72:02:F4:FB:67"
"284";"2024-11-25 16:05:22";"1890";"1880";"1531";"6";"93";"94";"175";"1041";"CD:72:02:F4:FB:67"
"285";"2024-11-25 16:05:23";"1887";"1886";"1531";"6";"93";"93";"175";"1041";"CD:72:02:F4:FB:67"
"286";"2024-11-25 16:05:24";"1883";"1892";"1529";"6";"94";"92";"175";"1046";"CD:72:02:F4:FB:67"
"287";"2024-11-25 16:05:25";"1885";"1880";"1521";"6";"93";"94";"175";"1068";"CD:72:02:F4:FB:67"
"288";"2024-11-25 16:05:26";"1877";"1884";"1524";"6";"94";"93";"174";"1063";"CD:72:02:F4:FB:67"
"289";"2024-11-25 16:05:27";"1879";"1889";"1522";"6";"94";"93";"175";"1065";"CD:72:02:F4:FB:67"
"290";"2024-11-25 16:05:28";"1890";"1885";"1522";"6";"92";"93";"175";"1065";"CD:72:02:F4:FB:67"
"291";"2024-11-25 16:05:29";"1884";"1879";"1528";"6";"93";"94";"174";"1052";"CD:72:02:F4:FB:67"
"292";"2024-11-25 16:05:30";"1889";"1884";"1520";"6";"93";"93";"175";"1071";"CD:72:02:F4:FB:67"
"293";"2024-11-25 16:05:31";"1874";"1878";"1523";"6";"95";"94";"174";"1065";"CD:72:02:F4:FB:67"
"294";"2024-11-25 16:05:32";"1880";"1887";"1523";"6";"94";"93";"175";"1063";"CD:72:02:F4:FB:67"
"295";"2024-11-25 16:05:33";"1892";"1885";"1527";"6";"92";"93";"175";"1052";"CD:72:02:F4:FB:67"
"296";"2024-11-25 16:05:34";"1887";"1881";"1522";"6";"93";"94";"175";"1065";"CD:72:02:F4:FB:67"
"297";"2024-11-25 16:05:35";"1882";"1889";"1522";"6";"94";"93";"175";"1065";"CD:72:02:F4:FB:67"
"298";"2024-11-25 16:05:36";"1884";"1888";"1527";"6";"93";"93";"175";"1052";"CD:72:02:F4:FB:67"
"299";"2024-11-25 16:05:37";"1883";"1890";"1531";"6";"94";"93";"175";"1041";"CD:72:02:F4:FB:67"
"300";"2024-11-25 16:05:38";"1893";"1883";"1520";"6";"92";"93";"175";"1071";"CD:72:02:F4:FB:67"
"301";"2024-11-25 16:05:39";"1876";"1879";"1516";"6";"94";"94";"174";"1084";"CD:72:02:F4:FB:67"
"302";"2024-11-25 16:05:40";"1874";"1877";"1524";"6";"95";"94";"172";"1065";"CD:72:02:F4:FB:67"
"303";"2024-11-25 16:05:41";"1881";"1889";"1534";"6";"94";"93";"175";"1032";"CD:72:02:F4:FB:67"
"304";"2024-11-25 16:05:42";"1881";"1880";"1524";"6";"94";"94";"174";"1063";"CD:72:02:F4:FB:67"
"305";"2024-11-25 16:05:43";"1877";"1880";"1520";"6";"94";"94";"174";"1073";"CD:72:02:F4:FB:67"
"306";"2024-11-25 16:05:44";"1888";"1879";"1526";"6";"93";"94";"175";"1054";"CD:72:02:F4:FB:67"
"307";"2024-11-25 16:05:45";"1884";"1881";"1519";"6";"93";"94";"175";"1073";"CD:72:02:F4:FB:67"
"308";"2024-11-25 16:05:46";"1891";"1890";"1527";"6";"92";"92";"180";"1049";"CD:72:02:F4:FB:67"
"309";"2024-11-25 16:05:47";"1882";"1892";"1513";"6";"94";"92";"175";"1090";"CD:72:02:F4:FB:67"
"310";"2024-11-25 16:05:48";"1887";"1877";"1519";"6";"93";"94";"174";"1076";"CD:72:02:F4:FB:67"
"311";"2024-11-25 16:05:49";"1881";"1892";"1530";"6";"94";"92";"175";"1043";"CD:72:02:F4:FB:67"
"312";"2024-11-25 16:05:50";"1881";"1887";"1523";"6";"94";"93";"175";"1063";"CD:72:02:F4:FB:67"
"313";"2024-11-25 16:05:51";"1883";"1883";"1529";"6";"94";"94";"175";"1046";"CD:72:02:F4:FB:67"
"314";"2024-11-25 16:05:52";"1887";"1884";"1520";"6";"93";"93";"175";"1071";"CD:72:02:F4:FB:67"
"315";"2024-11-25 16:05:53";"1883";"1885";"1522";"6";"93";"93";"175";"1065";"CD:72:02:F4:FB:67"
"316";"2024-11-25 16:05:54";"1891";"1880";"1519";"6";"92";"94";"175";"1073";"CD:72:02:F4:FB:67"
"317";"2024-11-25 16:05:55";"1885";"1882";"1523";"6";"93";"94";"175";"1063";"CD:72:02:F4:FB:67"
"318";"2024-11-25 16:05:56";"1883";"1883";"1520";"6";"93";"93";"175";"1071";"CD:72:02:F4:FB:67"
"319";"2024-11-25 16:05:57";"1880";"1884";"1527";"6";"94";"93";"174";"1054";"CD:72:02:F4:FB:67"
"320";"2024-11-25 16:05:58";"1890";"1882";"1530";"6";"93";"94";"175";"1043";"CD:72:02:F4:FB:67"
"321";"2024-11-25 16:05:59";"1884";"1881";"1525";"6";"93";"94";"175";"1057";"CD:72:02:F4:FB:67"
"322";"2024-11-25 16:06:00";"1890";"1883";"1519";"6";"92";"93";"175";"1073";"CD:72:02:F4:FB:67"
"323";"2024-11-25 16:06:01";"1883";"1891";"1520";"6";"93";"92";"175";"1071";"CD:72:02:F4:FB:67"
"324";"2024-11-25 16:06:02";"1887";"1874";"1522";"6";"93";"95";"174";"1068";"CD:72:02:F4:FB:67"
"325";"2024-11-25 16:06:03";"1888";"1884";"1518";"6";"93";"93";"175";"1076";"CD:72:02:F4:FB:67"
"326";"2024-11-25 16:06:04";"1888";"1877";"1522";"6";"93";"94";"174";"1068";"CD:72:02:F4:FB:67"
"327";"2024-11-25 16:06:05";"1885";"1878";"1516";"6";"93";"94";"174";"1084";"CD:72:02:F4:FB:67"
"328";"2024-11-25 16:06:06";"1882";"1881";"1518";"6";"94";"94";"174";"1079";"CD:72:02:F4:FB:67"
"329";"2024-11-25 16:06:07";"1883";"1877";"1531";"6";"94";"94";"174";"1043";"CD:72:02:F4:FB:67"
"330";"2024-11-25 16:06:08";"1883";"1888";"1524";"6";"94";"93";"175";"1060";"CD:72:02:F4:FB:67"
"331";"2024-11-25 16:06:09";"1881";"1884";"1519";"6";"94";"93";"175";"1073";"CD:72:02:F4:FB:67"
"332";"2024-11-25 16:06:10";"1877";"1878";"1523";"6";"94";"94";"174";"1065";"CD:72:02:F4:FB:67"
"333";"2024-11-25 16:06:11";"1887";"1880";"1523";"6";"93";"94";"175";"1063";"CD:72:02:F4:FB:67"
"334";"2024-11-25 16:06:12";"1885";"1877";"1521";"6";"93";"94";"174";"1071";"CD:72:02:F4:FB:67"
"335";"2024-11-25 16:06:13";"1884";"1885";"1521";"6";"93";"93";"175";"1068";"CD:72:02:F4:FB:67"
"336";"2024-11-25 16:06:14";"1883";"1879";"1529";"6";"94";"94";"174";"1049";"CD:72:02:F4:FB:67"
"337";"2024-11-25 16:06:15";"1886";"1874";"1519";"6";"93";"95";"174";"1076";"CD:72:02:F4:FB:67"
"338";"2024-11-25 16:06:16";"1892";"1884";"1522";"6";"92";"93";"175";"1065";"CD:72:02:F4:FB:67"
"339";"2024-11-25 16:06:17";"1885";"1885";"1522";"6";"93";"93";"175";"1065";"CD:72:02:F4:FB:67"
"340";"2024-11-25 16:06:18";"1883";"1884";"1527";"6";"94";"93";"175";"1052";"CD:72:02:F4:FB:67"
"341";"2024-11-25 16:06:19";"1886";"1881";"1514";"6";"93";"94";"175";"1087";"CD:72:02:F4:FB:67"
"342";"2024-11-25 16:06:20";"1883";"1878";"1521";"6";"93";"94";"174";"1071";"CD:72:02:F4:FB:67"
"343";"2024-11-25 16:06:21";"1891";"1886";"1520";"6";"92";"93";"175";"1071";"CD:72:02:F4:FB:67"
"344";"2024-11-25 16:06:22";"1885";"1875";"1520";"6";"93";"95";"174";"1073";"CD:72:02:F4:FB:67"
"345";"2024-11-25 16:06:23";"1881";"1884";"1523";"6";"94";"93";"175";"1063";"CD:72:02:F4:FB:67"
"346";"2024-11-25 16:06:24";"1878";"1874";"1527";"6";"94";"95";"172";"1057";"CD:72:02:F4:FB:67"
"347";"2024-11-25 16:06:25";"1885";"1887";"1524";"6";"93";"93";"175";"1060";"CD:72:02:F4:FB:67"
"348";"2024-11-25 16:06:26";"1894";"1880";"1528";"6";"92";"94";"175";"1049";"CD:72:02:F4:FB:67"
"349";"2024-11-25 16:06:27";"1885";"1880";"1529";"6";"93";"94";"175";"1046";"CD:72:02:F4:FB:67"
"350";"2024-11-25 16:06:28";"1883";"1884";"1529";"6";"94";"93";"175";"1046";"CD:72:02:F4:FB:67"
"351";"2024-11-25 16:06:29";"1890";"1884";"1519";"6";"92";"93";"175";"1073";"CD:72:02:F4:FB:67"
"352";"2024-11-25 16:06:30";"1882";"1881";"1520";"6";"94";"94";"174";"1073";"CD:72:02:F4:FB:67"
"353";"2024-11-25 16:06:31";"1888";"1881";"1524";"6";"93";"94";"175";"1060";"CD:72:02:F4:FB:67"
"354";"2024-11-25 16:06:32";"1881";"1886";"1529";"6";"94";"93";"175";"1046";"CD:72:02:F4:FB:67"
"355";"2024-11-25 16:06:33";"1885";"1881";"1519";"6";"93";"94";"175";"1073";"CD:72:02:F4:FB:67"
"356";"2024-11-25 16:06:34";"1895";"1883";"1525";"6";"92";"94";"175";"1057";"CD:72:02:F4:FB:67"
"357";"2024-11-25 16:06:35";"1876";"1876";"1518";"6";"94";"94";"174";"1079";"CD:72:02:F4:FB:67"
"358";"2024-11-25 16:06:36";"1880";"1879";"1525";"6";"94";"94";"174";"1060";"CD:72:02:F4:FB:67"
"359";"2024-11-25 16:06:37";"1886";"1885";"1523";"6";"93";"93";"175";"1063";"CD:72:02:F4:FB:67"
"360";"2024-11-25 16:06:38";"1888";"1878";"1527";"6";"93";"94";"175";"1052";"CD:72:02:F4:FB:67"
"361";"2024-11-25 16:06:39";"1886";"1888";"1518";"6";"93";"93";"175";"1076";"CD:72:02:F4:FB:67"
"362";"2024-11-25 16:06:40";"1885";"1882";"1519";"6";"93";"94";"175";"1073";"CD:72:02:F4:FB:67"
"363";"2024-11-25 16:06:41";"1888";"1882";"1530";"6";"93";"94";"175";"1043";"CD:72:02:F4:FB:67"
"364";"2024-11-25 16:06:42";"1886";"1884";"1522";"6";"93";"93";"175";"1065";"CD:72:02:F4:FB:67"
"365";"2024-11-25 16:06:43";"1885";"1886";"1523";"6";"93";"93";"175";"1063";"CD:72:02:F4:FB:67"
"366";"2024-11-25 16:06:44";"1884";"1876";"1519";"6";"93";"94";"174";"1076";"CD:72:02:F4:FB:67"
"367";"2024-11-25 16:07:28";"1908";"2309";"1908";"3";"90";"0";"90";"1093";"CD:72:02:F4:FB:67"
"368";"2024-11-25 16:07:29";"1908";"2291";"1909";"3";"90";"0";"90";"1043";"CD:72:02:F4:FB:67"
"369";"2024-11-25 16:07:30";"1909";"2291";"1895";"3";"90";"0";"92";"1043";"CD:72:02:F4:FB:67"
"370";"2024-11-25 16:07:31";"1906";"2285";"1887";"3";"90";"0";"93";"1027";"CD:72:02:F4:FB:67"
"371";"2024-11-25 16:07:32";"1901";"2285";"1897";"3";"91";"0";"91";"1027";"CD:72:02:F4:FB:67"
"372";"2024-11-25 16:07:33";"1904";"2286";"1895";"3";"90";"0";"92";"1030";"CD:72:02:F4:FB:67"
"373";"2024-11-25 16:07:34";"1899";"2294";"1893";"3";"91";"0";"92";"1052";"CD:72:02:F4:FB:67"
"374";"2024-11-25 16:07:35";"1906";"2297";"1895";"3";"90";"0";"92";"1060";"CD:72:02:F4:FB:67"
"375";"2024-11-25 16:07:36";"1897";"2284";"1898";"3";"91";"0";"91";"1024";"CD:72:02:F4:FB:67"
"376";"2024-11-25 16:07:37";"1897";"2280";"1886";"3";"92";"4";"93";"1016";"CD:72:02:F4:FB:67"
"377";"2024-11-25 16:07:38";"1897";"2287";"1890";"3";"91";"0";"93";"1032";"CD:72:02:F4:FB:67"
"378";"2024-11-25 16:07:39";"1897";"2280";"1886";"3";"92";"4";"93";"1016";"CD:72:02:F4:FB:67"
"379";"2024-11-25 16:07:40";"1898";"2279";"1891";"3";"91";"0";"92";"1010";"CD:72:02:F4:FB:67"
"380";"2024-11-25 16:07:41";"1898";"2278";"1884";"3";"91";"4";"94";"1010";"CD:72:02:F4:FB:67"
"381";"2024-11-25 16:07:42";"1893";"2280";"1891";"3";"92";"0";"92";"1013";"CD:72:02:F4:FB:67"
"382";"2024-11-25 16:07:43";"1889";"2278";"1886";"3";"93";"4";"93";"1010";"CD:72:02:F4:FB:67"
"383";"2024-11-25 16:07:44";"1900";"2283";"1884";"3";"91";"4";"93";"1024";"CD:72:02:F4:FB:67"
"384";"2024-11-25 16:07:45";"1901";"2275";"1890";"3";"91";"0";"93";"1000";"CD:72:02:F4:FB:67"
"385";"2024-11-25 16:07:46";"1888";"2278";"1884";"3";"93";"4";"94";"1010";"CD:72:02:F4:FB:67"
"386";"2024-11-25 16:07:47";"1889";"2278";"1887";"3";"93";"4";"93";"1010";"CD:72:02:F4:FB:67"
"387";"2024-11-25 16:07:48";"1899";"2286";"1894";"3";"91";"0";"92";"1030";"CD:72:02:F4:FB:67"
"388";"2024-11-25 16:07:49";"1895";"2278";"1887";"3";"92";"4";"93";"1010";"CD:72:02:F4:FB:67"
"389";"2024-11-25 16:07:50";"1895";"2284";"1898";"3";"92";"0";"91";"1024";"CD:72:02:F4:FB:67"
"390";"2024-11-25 16:07:51";"1892";"2281";"1890";"3";"92";"0";"93";"1016";"CD:72:02:F4:FB:67"
"391";"2024-11-25 16:07:52";"1901";"2276";"1891";"3";"91";"0";"92";"1002";"CD:72:02:F4:FB:67"
"392";"2024-11-25 16:07:53";"1903";"2284";"1895";"3";"91";"0";"92";"1024";"CD:72:02:F4:FB:67"
"393";"2024-11-25 16:07:54";"1908";"2292";"1898";"3";"90";"0";"91";"1046";"CD:72:02:F4:FB:67"
"394";"2024-11-25 16:07:55";"1906";"2287";"1897";"3";"90";"0";"91";"1032";"CD:72:02:F4:FB:67"
"395";"2024-11-25 16:07:56";"1908";"2286";"1903";"3";"90";"0";"91";"1030";"CD:72:02:F4:FB:67"
"396";"2024-11-25 16:07:57";"1903";"2290";"1901";"3";"91";"0";"91";"1041";"CD:72:02:F4:FB:67"
"397";"2024-11-25 16:07:58";"1898";"2283";"1895";"3";"91";"0";"92";"1021";"CD:72:02:F4:FB:67"
"398";"2024-11-25 16:07:59";"1897";"2283";"1894";"3";"91";"0";"92";"1021";"CD:72:02:F4:FB:67"
"399";"2024-11-25 16:08:00";"1901";"2284";"1895";"3";"91";"0";"92";"1024";"CD:72:02:F4:FB:67"
"400";"2024-11-25 16:08:01";"1901";"2287";"1897";"3";"91";"0";"91";"1032";"CD:72:02:F4:FB:67"
"401";"2024-11-25 16:08:02";"1898";"2290";"1896";"3";"91";"0";"92";"1041";"CD:72:02:F4:FB:67"
"402";"2024-11-25 16:08:03";"1898";"2284";"1899";"3";"91";"0";"91";"1024";"CD:72:02:F4:FB:67"
"403";"2024-11-25 16:08:04";"1890";"2281";"1892";"3";"93";"0";"92";"1016";"CD:72:02:F4:FB:67"
"404";"2024-11-25 16:08:05";"1893";"2279";"1893";"3";"92";"0";"92";"1010";"CD:72:02:F4:FB:67"
"405";"2024-11-25 16:08:06";"1888";"2279";"1888";"3";"93";"4";"93";"1013";"CD:72:02:F4:FB:67"
"406";"2024-11-25 16:08:07";"1896";"2283";"1886";"3";"92";"4";"93";"1024";"CD:72:02:F4:FB:67"
"407";"2024-11-25 16:08:08";"1898";"2283";"1885";"3";"91";"4";"93";"1024";"CD:72:02:F4:FB:67"
"408";"2024-11-25 16:08:09";"1890";"2282";"1894";"3";"93";"0";"92";"1019";"CD:72:02:F4:FB:67"
"409";"2024-11-25 16:08:10";"1893";"2284";"1892";"3";"92";"0";"92";"1024";"CD:72:02:F4:FB:67"
"410";"2024-11-25 16:08:11";"1892";"2280";"1889";"3";"92";"4";"93";"1016";"CD:72:02:F4:FB:67"
"411";"2024-11-25 16:08:12";"1890";"2280";"1894";"3";"93";"0";"92";"1013";"CD:72:02:F4:FB:67"
"412";"2024-11-25 16:08:13";"1894";"2282";"1889";"3";"92";"0";"93";"1019";"CD:72:02:F4:FB:67"
"413";"2024-11-25 16:08:14";"1893";"2269";"1892";"3";"92";"0";"92";"983";"CD:72:02:F4:FB:67"
"414";"2024-11-25 16:08:15";"1893";"2278";"1885";"3";"92";"4";"93";"1010";"CD:72:02:F4:FB:67"
"415";"2024-11-25 16:08:16";"1899";"2283";"1890";"3";"91";"0";"93";"1021";"CD:72:02:F4:FB:67"
"416";"2024-11-25 16:08:17";"1899";"2280";"1894";"3";"91";"0";"92";"1013";"CD:72:02:F4:FB:67"
"417";"2024-11-25 16:08:18";"1893";"2279";"1902";"3";"92";"0";"91";"1010";"CD:72:02:F4:FB:67"
"418";"2024-11-25 16:08:19";"1896";"2280";"1893";"3";"92";"0";"92";"1013";"CD:72:02:F4:FB:67"
"419";"2024-11-25 16:08:20";"1897";"2284";"1886";"3";"91";"0";"93";"1024";"CD:72:02:F4:FB:67"
"420";"2024-11-25 16:08:21";"1899";"2278";"1895";"3";"91";"0";"92";"1008";"CD:72:02:F4:FB:67"
"421";"2024-11-25 16:08:22";"1894";"2281";"1887";"3";"92";"4";"93";"1019";"CD:72:02:F4:FB:67"
"422";"2024-11-25 16:08:23";"1900";"2281";"1884";"3";"91";"4";"94";"1019";"CD:72:02:F4:FB:67"
"423";"2024-11-25 16:08:24";"1892";"2275";"1896";"3";"92";"0";"92";"1000";"CD:72:02:F4:FB:67"
"424";"2024-11-25 16:08:25";"1891";"2277";"1889";"3";"92";"4";"93";"1008";"CD:72:02:F4:FB:67"
"425";"2024-11-25 16:08:26";"1892";"2278";"1892";"3";"92";"0";"92";"1008";"CD:72:02:F4:FB:67"
"426";"2024-11-25 16:08:27";"1894";"2284";"1893";"3";"92";"0";"92";"1024";"CD:72:02:F4:FB:67"
"427";"2024-11-25 16:08:28";"1893";"2275";"1891";"3";"92";"0";"92";"1000";"CD:72:02:F4:FB:67"
"428";"2024-11-25 16:08:29";"1894";"2281";"1898";"3";"92";"0";"91";"1016";"CD:72:02:F4:FB:67"
"429";"2024-11-25 16:08:30";"1897";"2286";"1890";"3";"91";"0";"93";"1030";"CD:72:02:F4:FB:67"
"430";"2024-11-25 16:08:31";"1900";"2283";"1889";"3";"91";"0";"93";"1021";"CD:72:02:F4:FB:67"
"431";"2024-11-25 16:08:32";"1895";"2284";"1893";"3";"92";"0";"92";"1024";"CD:72:02:F4:FB:67"
"432";"2024-11-25 16:08:33";"1895";"2281";"1884";"3";"92";"4";"94";"1019";"CD:72:02:F4:FB:67"
"433";"2024-11-25 16:08:34";"1893";"2285";"1884";"3";"92";"4";"93";"1030";"CD:72:02:F4:FB:67"
"434";"2024-11-25 16:08:35";"1895";"2279";"1890";"3";"92";"0";"93";"1010";"CD:72:02:F4:FB:67"
"435";"2024-11-25 16:08:36";"1894";"2280";"1896";"3";"92";"0";"92";"1013";"CD:72:02:F4:FB:67"
"436";"2024-11-25 16:08:37";"1893";"2281";"1890";"3";"92";"0";"93";"1016";"CD:72:02:F4:FB:67"
"437";"2024-11-25 16:08:38";"1894";"2282";"1891";"3";"92";"0";"92";"1019";"CD:72:02:F4:FB:67"
"438";"2024-11-25 16:08:39";"1892";"2275";"1889";"3";"92";"4";"93";"1002";"CD:72:02:F4:FB:67"
"439";"2024-11-25 16:08:40";"1891";"2280";"1897";"3";"92";"0";"92";"1013";"CD:72:02:F4:FB:67"
"440";"2024-11-25 16:08:41";"1895";"2282";"1892";"3";"92";"0";"92";"1019";"CD:72:02:F4:FB:67"
"441";"2024-11-25 16:08:42";"1894";"2273";"1886";"3";"92";"4";"93";"997";"CD:72:02:F4:FB:67"
"442";"2024-11-25 16:08:43";"1896";"2279";"1890";"3";"92";"0";"93";"1010";"CD:72:02:F4:FB:67"
"443";"2024-11-25 16:08:44";"1895";"2280";"1907";"3";"92";"0";"90";"1013";"CD:72:02:F4:FB:67"
"444";"2024-11-25 16:08:45";"1895";"2280";"1890";"3";"92";"0";"93";"1013";"CD:72:02:F4:FB:67"
"445";"2024-11-25 16:08:46";"1901";"2279";"1890";"3";"91";"0";"93";"1010";"CD:72:02:F4:FB:67"
"446";"2024-11-25 16:08:47";"1898";"2281";"1887";"3";"91";"0";"93";"1016";"CD:72:02:F4:FB:67"
"447";"2024-11-25 16:08:48";"1893";"2277";"1884";"3";"92";"4";"94";"1008";"CD:72:02:F4:FB:67"
"448";"2024-11-25 16:08:49";"1893";"2278";"1894";"3";"92";"0";"92";"1008";"CD:72:02:F4:FB:67"
"449";"2024-11-25 16:08:50";"1896";"2279";"1895";"3";"92";"0";"92";"1010";"CD:72:02:F4:FB:67"
"450";"2024-11-25 16:08:51";"1893";"2277";"1894";"3";"92";"0";"92";"1005";"CD:72:02:F4:FB:67"
"451";"2024-11-25 16:08:52";"1896";"2280";"1888";"3";"92";"0";"93";"1013";"CD:72:02:F4:FB:67"
"452";"2024-11-25 16:08:53";"1892";"2279";"1895";"3";"92";"0";"92";"1010";"CD:72:02:F4:FB:67"
"453";"2024-11-25 16:08:54";"1898";"2280";"1895";"3";"91";"0";"92";"1013";"CD:72:02:F4:FB:67"
"454";"2024-11-25 16:08:55";"1895";"2281";"1894";"3";"92";"0";"92";"1016";"CD:72:02:F4:FB:67"
"455";"2024-11-25 16:08:56";"1894";"2279";"1890";"3";"92";"0";"93";"1010";"CD:72:02:F4:FB:67"
"456";"2024-11-25 16:08:57";"1893";"2285";"1891";"3";"92";"0";"92";"1027";"CD:72:02:F4:FB:67"
"457";"2024-11-25 16:08:58";"1894";"2276";"1887";"3";"92";"4";"93";"1005";"CD:72:02:F4:FB:67"
"458";"2024-11-25 16:08:59";"1892";"2276";"1896";"3";"92";"0";"92";"1002";"CD:72:02:F4:FB:67"
"459";"2024-11-25 16:09:00";"1893";"2277";"1891";"3";"92";"0";"92";"1005";"CD:72:02:F4:FB:67"
"460";"2024-11-25 16:09:01";"1893";"2276";"1893";"3";"92";"0";"92";"1002";"CD:72:02:F4:FB:67"
"461";"2024-11-25 16:09:02";"1893";"2277";"1893";"3";"92";"0";"92";"1005";"CD:72:02:F4:FB:67"
"462";"2024-11-25 16:09:03";"1898";"2280";"1889";"3";"91";"0";"93";"1013";"CD:72:02:F4:FB:67"
"463";"2024-11-25 16:09:04";"1896";"2281";"1887";"3";"92";"0";"93";"1016";"CD:72:02:F4:FB:67"
"464";"2024-11-25 16:09:05";"1896";"2279";"1889";"3";"92";"0";"93";"1010";"CD:72:02:F4:FB:67"
"465";"2024-11-25 16:09:06";"1895";"2277";"1891";"3";"92";"0";"92";"1005";"CD:72:02:F4:FB:67"
"466";"2024-11-25 16:09:07";"1892";"2281";"1891";"3";"92";"0";"92";"1016";"CD:72:02:F4:FB:67"
"467";"2024-11-25 16:10:08";"1906";"1510";"1915";"4";"90";"180";"89";"1095";"CD:72:02:F4:FB:67"
"468";"2024-11-25 16:10:09";"1902";"1516";"1922";"4";"91";"180";"88";"1079";"CD:72:02:F4:FB:67"
"469";"2024-11-25 16:10:10";"1898";"1518";"1921";"4";"91";"180";"88";"1073";"CD:72:02:F4:FB:67"
"470";"2024-11-25 16:10:11";"1906";"1514";"1926";"4";"90";"180";"87";"1084";"CD:72:02:F4:FB:67"
"471";"2024-11-25 16:10:12";"1902";"1513";"1928";"4";"91";"180";"87";"1087";"CD:72:02:F4:FB:67"
"472";"2024-11-25 16:10:13";"1904";"1510";"1924";"4";"90";"180";"87";"1095";"CD:72:02:F4:FB:67"
"473";"2024-11-25 16:10:14";"1892";"1515";"1911";"4";"92";"180";"89";"1082";"CD:72:02:F4:FB:67"
"474";"2024-11-25 16:10:15";"1901";"1507";"1915";"4";"91";"180";"89";"1104";"CD:72:02:F4:FB:67"
"475";"2024-11-25 16:10:16";"1908";"1508";"1922";"4";"90";"180";"88";"1101";"CD:72:02:F4:FB:67"
"476";"2024-11-25 16:10:17";"1894";"1506";"1923";"4";"92";"180";"88";"1106";"CD:72:02:F4:FB:67"
"477";"2024-11-25 16:10:18";"1901";"1512";"1932";"4";"91";"180";"86";"1090";"CD:72:02:F4:FB:67"
"478";"2024-11-25 16:10:19";"1902";"1510";"1925";"4";"91";"180";"87";"1095";"CD:72:02:F4:FB:67"
"479";"2024-11-25 16:10:20";"1893";"1517";"1916";"4";"92";"180";"89";"1076";"CD:72:02:F4:FB:67"
"480";"2024-11-25 16:10:21";"1898";"1510";"1923";"4";"91";"180";"88";"1095";"CD:72:02:F4:FB:67"
"481";"2024-11-25 16:10:22";"1898";"1510";"1918";"4";"91";"180";"88";"1095";"CD:72:02:F4:FB:67"
"482";"2024-11-25 16:10:23";"1899";"1511";"1928";"4";"91";"180";"87";"1093";"CD:72:02:F4:FB:67"
"483";"2024-11-25 16:10:24";"1905";"1516";"1913";"4";"90";"180";"89";"1079";"CD:72:02:F4:FB:67"
"484";"2024-11-25 16:10:25";"1904";"1518";"1922";"4";"90";"180";"88";"1073";"CD:72:02:F4:FB:67"
"485";"2024-11-25 16:10:26";"1901";"1518";"1925";"4";"91";"180";"87";"1073";"CD:72:02:F4:FB:67"
"486";"2024-11-25 16:10:27";"1903";"1509";"1920";"4";"91";"180";"88";"1098";"CD:72:02:F4:FB:67"
"487";"2024-11-25 16:10:28";"1905";"1511";"1928";"4";"90";"180";"87";"1093";"CD:72:02:F4:FB:67"
"488";"2024-11-25 16:10:29";"1902";"1522";"1923";"4";"91";"180";"88";"1063";"CD:72:02:F4:FB:67"
"489";"2024-11-25 16:10:30";"1898";"1514";"1914";"4";"91";"180";"89";"1084";"CD:72:02:F4:FB:67"
"490";"2024-11-25 16:10:31";"1892";"1505";"1921";"4";"92";"180";"88";"1109";"CD:72:02:F4:FB:67"
"491";"2024-11-25 16:10:32";"1907";"1511";"1914";"4";"90";"180";"89";"1093";"CD:72:02:F4:FB:67"
"492";"2024-11-25 16:10:33";"1895";"1514";"1921";"4";"92";"180";"88";"1084";"CD:72:02:F4:FB:67"
"493";"2024-11-25 16:10:34";"1904";"1519";"1917";"4";"90";"180";"88";"1071";"CD:72:02:F4:FB:67"
"494";"2024-11-25 16:10:35";"1891";"1507";"1912";"4";"92";"180";"89";"1104";"CD:72:02:F4:FB:67"
"495";"2024-11-25 16:10:36";"1900";"1508";"1920";"4";"91";"180";"88";"1101";"CD:72:02:F4:FB:67"
"496";"2024-11-25 16:10:37";"1905";"1514";"1915";"4";"90";"180";"89";"1084";"CD:72:02:F4:FB:67"
"497";"2024-11-25 16:10:38";"1915";"1512";"1941";"4";"89";"175";"85";"1093";"CD:72:02:F4:FB:67"
"498";"2024-11-25 16:10:39";"1885";"1530";"1926";"4";"93";"175";"87";"1043";"CD:72:02:F4:FB:67"
"499";"2024-11-25 16:10:40";"1909";"1511";"1911";"4";"90";"180";"89";"1093";"CD:72:02:F4:FB:67"
"500";"2024-11-25 16:10:41";"1905";"1509";"1931";"4";"90";"180";"86";"1098";"CD:72:02:F4:FB:67"
"501";"2024-11-25 16:10:42";"1903";"1519";"1923";"4";"91";"180";"88";"1071";"CD:72:02:F4:FB:67"
"502";"2024-11-25 16:10:43";"1902";"1505";"1913";"4";"91";"180";"89";"1109";"CD:72:02:F4:FB:67"
"503";"2024-11-25 16:10:44";"1891";"1513";"1916";"4";"92";"180";"89";"1087";"CD:72:02:F4:FB:67"
"504";"2024-11-25 16:10:45";"1889";"1517";"1919";"4";"93";"180";"88";"1076";"CD:72:02:F4:FB:67"
"505";"2024-11-25 16:10:46";"1896";"1512";"1912";"4";"92";"180";"89";"1090";"CD:72:02:F4:FB:67"
"506";"2024-11-25 16:10:47";"1904";"1505";"1909";"4";"90";"180";"90";"1109";"CD:72:02:F4:FB:67"
"507";"2024-11-25 16:10:48";"1901";"1510";"1923";"4";"91";"180";"88";"1095";"CD:72:02:F4:FB:67"
"508";"2024-11-25 16:10:49";"1905";"1510";"1911";"4";"90";"180";"89";"1095";"CD:72:02:F4:FB:67"
"509";"2024-11-25 16:10:50";"1902";"1519";"1916";"4";"91";"180";"89";"1071";"CD:72:02:F4:FB:67"
"510";"2024-11-25 16:10:51";"1883";"1512";"1909";"4";"93";"180";"90";"1090";"CD:72:02:F4:FB:67"
"511";"2024-11-25 16:10:52";"1888";"1516";"1916";"4";"93";"180";"89";"1079";"CD:72:02:F4:FB:67"
"512";"2024-11-25 16:10:53";"1893";"1505";"1918";"4";"92";"180";"88";"1109";"CD:72:02:F4:FB:67"
"513";"2024-11-25 16:10:54";"1901";"1504";"1904";"4";"91";"180";"90";"1112";"CD:72:02:F4:FB:67"
"514";"2024-11-25 16:10:55";"1901";"1514";"1916";"4";"91";"180";"89";"1084";"CD:72:02:F4:FB:67"
"515";"2024-11-25 16:10:56";"1904";"1504";"1911";"4";"90";"180";"89";"1112";"CD:72:02:F4:FB:67"
"516";"2024-11-25 16:10:57";"1893";"1510";"1912";"4";"92";"180";"89";"1095";"CD:72:02:F4:FB:67"
"517";"2024-11-25 16:10:58";"1900";"1515";"1914";"4";"91";"180";"89";"1082";"CD:72:02:F4:FB:67"
"518";"2024-11-25 16:10:59";"1890";"1501";"1917";"4";"92";"180";"89";"1120";"CD:72:02:F4:FB:67"
"519";"2024-11-25 16:11:00";"1888";"1512";"1908";"4";"93";"180";"90";"1090";"CD:72:02:F4:FB:67"
"520";"2024-11-25 16:11:01";"1899";"1507";"1924";"4";"91";"180";"88";"1104";"CD:72:02:F4:FB:67"
"521";"2024-11-25 16:11:02";"1903";"1511";"1925";"4";"91";"180";"87";"1093";"CD:72:02:F4:FB:67"
"522";"2024-11-25 16:11:03";"1896";"1514";"1916";"4";"92";"180";"89";"1084";"CD:72:02:F4:FB:67"
"523";"2024-11-25 16:11:04";"1894";"1524";"1920";"4";"92";"180";"88";"1057";"CD:72:02:F4:FB:67"
"524";"2024-11-25 16:11:05";"1892";"1508";"1910";"4";"92";"180";"90";"1101";"CD:72:02:F4:FB:67"
"525";"2024-11-25 16:11:06";"1900";"1520";"1917";"4";"91";"180";"88";"1068";"CD:72:02:F4:FB:67"
"526";"2024-11-25 16:11:07";"1889";"1506";"1920";"4";"92";"180";"88";"1106";"CD:72:02:F4:FB:67"
"527";"2024-11-25 16:11:08";"1899";"1512";"1909";"4";"91";"180";"90";"1090";"CD:72:02:F4:FB:67"
"528";"2024-11-25 16:11:09";"1890";"1501";"1923";"4";"92";"180";"88";"1120";"CD:72:02:F4:FB:67"
"529";"2024-11-25 16:11:10";"1890";"1510";"1915";"4";"92";"180";"89";"1095";"CD:72:02:F4:FB:67"
"530";"2024-11-25 16:11:11";"1904";"1517";"1910";"4";"90";"180";"90";"1076";"CD:72:02:F4:FB:67"
"531";"2024-11-25 16:11:12";"1893";"1514";"1916";"4";"92";"180";"89";"1084";"CD:72:02:F4:FB:67"
"532";"2024-11-25 16:11:13";"1892";"1505";"1919";"4";"92";"180";"88";"1109";"CD:72:02:F4:FB:67"
"533";"2024-11-25 16:11:14";"1904";"1513";"1915";"4";"90";"180";"89";"1087";"CD:72:02:F4:FB:67"
"534";"2024-11-25 16:11:15";"1893";"1517";"1919";"4";"92";"180";"88";"1076";"CD:72:02:F4:FB:67"
"535";"2024-11-25 16:11:16";"1906";"1526";"1925";"4";"90";"180";"87";"1052";"CD:72:02:F4:FB:67"
"536";"2024-11-25 16:11:17";"1901";"1514";"1920";"4";"91";"180";"88";"1084";"CD:72:02:F4:FB:67"
"537";"2024-11-25 16:11:18";"1889";"1507";"1923";"4";"92";"180";"88";"1104";"CD:72:02:F4:FB:67"
"538";"2024-11-25 16:11:19";"1901";"1521";"1926";"4";"91";"180";"87";"1065";"CD:72:02:F4:FB:67"
"539";"2024-11-25 16:11:20";"1900";"1521";"1917";"4";"91";"180";"88";"1065";"CD:72:02:F4:FB:67"
"540";"2024-11-25 16:11:21";"1901";"1510";"1925";"4";"91";"180";"87";"1095";"CD:72:02:F4:FB:67"
"541";"2024-11-25 16:11:22";"1903";"1521";"1915";"4";"91";"180";"89";"1065";"CD:72:02:F4:FB:67"
"542";"2024-11-25 16:11:23";"1909";"1520";"1927";"4";"90";"180";"87";"1068";"CD:72:02:F4:FB:67"
"543";"2024-11-25 16:11:24";"1900";"1519";"1922";"4";"91";"180";"88";"1071";"CD:72:02:F4:FB:67"
"544";"2024-11-25 16:11:25";"1908";"1518";"1938";"4";"90";"175";"85";"1076";"CD:72:02:F4:FB:67"
"545";"2024-11-25 16:11:26";"1895";"1511";"1930";"4";"92";"180";"87";"1093";"CD:72:02:F4:FB:67"
"546";"2024-11-25 16:11:27";"1907";"1531";"1926";"4";"90";"180";"87";"1038";"CD:72:02:F4:FB:67"
"547";"2024-11-25 16:11:28";"1911";"1515";"1917";"4";"89";"180";"88";"1082";"CD:72:02:F4:FB:67"
"548";"2024-11-25 16:11:29";"1896";"1507";"1913";"4";"91";"180";"89";"1104";"CD:72:02:F4:FB:67"
"549";"2024-11-25 16:11:30";"1891";"1511";"1921";"4";"92";"180";"88";"1093";"CD:72:02:F4:FB:67"
"550";"2024-11-25 16:11:31";"1901";"1527";"1921";"4";"91";"180";"88";"1049";"CD:72:02:F4:FB:67"
"551";"2024-11-25 16:11:32";"1897";"1510";"1920";"4";"91";"180";"88";"1095";"CD:72:02:F4:FB:67"
"552";"2024-11-25 16:11:33";"1894";"1510";"1912";"4";"92";"180";"89";"1095";"CD:72:02:F4:FB:67"
"553";"2024-11-25 16:11:34";"1897";"1507";"1916";"4";"91";"180";"89";"1104";"CD:72:02:F4:FB:67"
"554";"2024-11-25 16:11:35";"1894";"1509";"1922";"4";"92";"180";"88";"1098";"CD:72:02:F4:FB:67"
"555";"2024-11-25 16:11:36";"1910";"1517";"1923";"4";"90";"180";"88";"1076";"CD:72:02:F4:FB:67"
"556";"2024-11-25 16:11:37";"1902";"1513";"1916";"4";"91";"180";"89";"1087";"CD:72:02:F4:FB:67"
"557";"2024-11-25 16:11:38";"1906";"1515";"1936";"4";"90";"180";"86";"1082";"CD:72:02:F4:FB:67"
"558";"2024-11-25 16:11:39";"1896";"1514";"1921";"4";"92";"180";"88";"1084";"CD:72:02:F4:FB:67"
"559";"2024-11-25 16:11:40";"1906";"1524";"1926";"4";"90";"180";"87";"1057";"CD:72:02:F4:FB:67"
"560";"2024-11-25 16:11:41";"1896";"1519";"1916";"4";"92";"180";"89";"1071";"CD:72:02:F4:FB:67"
"561";"2024-11-25 16:11:42";"1900";"1513";"1918";"4";"91";"180";"88";"1087";"CD:72:02:F4:FB:67"
"562";"2024-11-25 16:11:43";"1915";"1512";"1929";"4";"89";"180";"87";"1090";"CD:72:02:F4:FB:67"
"563";"2024-11-25 16:11:44";"1918";"1518";"1922";"4";"88";"180";"88";"1073";"CD:72:02:F4:FB:67"
"564";"2024-11-25 16:11:45";"1898";"1527";"1923";"4";"91";"180";"88";"1049";"CD:72:02:F4:FB:67"
"565";"2024-11-25 16:11:46";"1901";"1518";"1920";"4";"91";"180";"88";"1073";"CD:72:02:F4:FB:67"
"566";"2024-11-25 16:11:47";"1908";"1514";"1927";"4";"90";"180";"87";"1084";"CD:72:02:F4:FB:67"
"567";"2024-11-25 16:13:53";"2285";"1907";"1896";"1";"0";"90";"92";"1027";"CD:72:02:F4:FB:67"
"568";"2024-11-25 16:13:54";"2277";"1898";"1885";"1";"4";"91";"93";"1008";"CD:72:02:F4:FB:67"
"569";"2024-11-25 16:13:55";"2278";"1898";"1887";"1";"0";"91";"93";"1008";"CD:72:02:F4:FB:67"
"570";"2024-11-25 16:13:56";"2278";"1907";"1882";"1";"4";"90";"94";"1010";"CD:72:02:F4:FB:67"
"571";"2024-11-25 16:13:57";"2279";"1898";"1890";"1";"0";"91";"93";"1010";"CD:72:02:F4:FB:67"
"572";"2024-11-25 16:13:58";"2284";"1894";"1882";"1";"4";"92";"94";"1027";"CD:72:02:F4:FB:67"
"573";"2024-11-25 16:13:59";"2278";"1898";"1888";"1";"0";"91";"93";"1008";"CD:72:02:F4:FB:67"
"574";"2024-11-25 16:14:00";"2289";"1897";"1894";"1";"0";"91";"92";"1038";"CD:72:02:F4:FB:67"
"575";"2024-11-25 16:14:01";"2284";"1898";"1893";"1";"0";"91";"92";"1024";"CD:72:02:F4:FB:67"
"576";"2024-11-25 16:14:02";"2280";"1901";"1887";"1";"0";"91";"93";"1013";"CD:72:02:F4:FB:67"
"577";"2024-11-25 16:14:03";"2275";"1901";"1886";"1";"0";"91";"93";"1000";"CD:72:02:F4:FB:67"
"578";"2024-11-25 16:14:04";"2277";"1893";"1887";"1";"4";"92";"93";"1008";"CD:72:02:F4:FB:67"
"579";"2024-11-25 16:14:05";"2275";"1896";"1885";"1";"4";"92";"93";"1002";"CD:72:02:F4:FB:67"
"580";"2024-11-25 16:14:06";"2280";"1897";"1891";"1";"0";"92";"92";"1013";"CD:72:02:F4:FB:67"
"581";"2024-11-25 16:14:07";"2276";"1897";"1887";"1";"0";"92";"93";"1002";"CD:72:02:F4:FB:67"
"582";"2024-11-25 16:14:08";"2275";"1899";"1883";"1";"4";"91";"94";"1002";"CD:72:02:F4:FB:67"
"583";"2024-11-25 16:14:09";"2278";"1895";"1885";"1";"4";"92";"93";"1010";"CD:72:02:F4:FB:67"
"584";"2024-11-25 16:14:10";"2274";"1897";"1887";"1";"0";"92";"93";"997";"CD:72:02:F4:FB:67"
"585";"2024-11-25 16:14:11";"2280";"1897";"1894";"1";"0";"92";"92";"1013";"CD:72:02:F4:FB:67"
"586";"2024-11-25 16:14:12";"2275";"1892";"1887";"1";"4";"92";"93";"1002";"CD:72:02:F4:FB:67"
"587";"2024-11-25 16:14:13";"2284";"1898";"1888";"1";"0";"91";"93";"1024";"CD:72:02:F4:FB:67"
"588";"2024-11-25 16:14:14";"2280";"1899";"1880";"1";"4";"91";"94";"1016";"CD:72:02:F4:FB:67"
"589";"2024-11-25 16:14:15";"2271";"1894";"1887";"1";"4";"92";"93";"991";"CD:72:02:F4:FB:67"
"590";"2024-11-25 16:14:16";"2274";"1901";"1885";"1";"0";"91";"93";"997";"CD:72:02:F4:FB:67"
"591";"2024-11-25 16:14:17";"2274";"1894";"1889";"1";"0";"92";"93";"997";"CD:72:02:F4:FB:67"
"592";"2024-11-25 16:14:18";"2280";"1899";"1885";"1";"4";"91";"93";"1016";"CD:72:02:F4:FB:67"
"593";"2024-11-25 16:14:19";"2275";"1894";"1886";"1";"4";"92";"93";"1002";"CD:72:02:F4:FB:67"
"594";"2024-11-25 16:14:20";"2274";"1898";"1891";"1";"0";"91";"92";"997";"CD:72:02:F4:FB:67"
"595";"2024-11-25 16:14:21";"2278";"1898";"1886";"1";"0";"91";"93";"1008";"CD:72:02:F4:FB:67"
"596";"2024-11-25 16:14:22";"2282";"1899";"1883";"1";"4";"91";"94";"1021";"CD:72:02:F4:FB:67"
"597";"2024-11-25 16:14:23";"2278";"1895";"1884";"1";"4";"92";"94";"1010";"CD:72:02:F4:FB:67"
"598";"2024-11-25 16:14:24";"2272";"1891";"1889";"1";"4";"93";"93";"994";"CD:72:02:F4:FB:67"
"599";"2024-11-25 16:14:25";"2276";"1893";"1892";"1";"0";"92";"92";"1002";"CD:72:02:F4:FB:67"
"600";"2024-11-25 16:14:26";"2277";"1895";"1883";"1";"4";"92";"94";"1008";"CD:72:02:F4:FB:67"
"601";"2024-11-25 16:14:27";"2279";"1899";"1885";"1";"4";"91";"93";"1013";"CD:72:02:F4:FB:67"
"602";"2024-11-25 16:14:28";"2273";"1895";"1885";"1";"4";"92";"93";"997";"CD:72:02:F4:FB:67"
"603";"2024-11-25 16:14:29";"2282";"1900";"1881";"1";"4";"91";"94";"1021";"CD:72:02:F4:FB:67"
"604";"2024-11-25 16:14:30";"2279";"1892";"1888";"1";"4";"92";"93";"1013";"CD:72:02:F4:FB:67"
"605";"2024-11-25 16:14:31";"2279";"1901";"1891";"1";"0";"91";"92";"1010";"CD:72:02:F4:FB:67"
"606";"2024-11-25 16:14:32";"2278";"1900";"1881";"1";"4";"91";"94";"1010";"CD:72:02:F4:FB:67"
"607";"2024-11-25 16:14:33";"2279";"1899";"1883";"1";"4";"91";"94";"1013";"CD:72:02:F4:FB:67"
"608";"2024-11-25 16:14:34";"2283";"1901";"1879";"1";"4";"91";"94";"1024";"CD:72:02:F4:FB:67"
"609";"2024-11-25 16:14:35";"2276";"1893";"1886";"1";"4";"92";"93";"1005";"CD:72:02:F4:FB:67"
"610";"2024-11-25 16:14:36";"2277";"1897";"1884";"1";"4";"92";"94";"1008";"CD:72:02:F4:FB:67"
"611";"2024-11-25 16:14:37";"2274";"1897";"1887";"1";"0";"92";"93";"997";"CD:72:02:F4:FB:67"
"612";"2024-11-25 16:14:38";"2268";"1896";"1879";"1";"4";"92";"94";"983";"CD:72:02:F4:FB:67"
"613";"2024-11-25 16:14:39";"2274";"1897";"1881";"1";"4";"92";"94";"1000";"CD:72:02:F4:FB:67"
"614";"2024-11-25 16:14:40";"2277";"1899";"1888";"1";"0";"91";"93";"1005";"CD:72:02:F4:FB:67"
"615";"2024-11-25 16:14:41";"2278";"1905";"1893";"1";"0";"90";"92";"1008";"CD:72:02:F4:FB:67"
"616";"2024-11-25 16:14:42";"2281";"1899";"1885";"1";"4";"91";"93";"1019";"CD:72:02:F4:FB:67"
"617";"2024-11-25 16:14:43";"2279";"1897";"1878";"1";"4";"92";"94";"1013";"CD:72:02:F4:FB:67"
"618";"2024-11-25 16:14:44";"2279";"1895";"1885";"1";"4";"92";"93";"1013";"CD:72:02:F4:FB:67"
"619";"2024-11-25 16:14:45";"2279";"1897";"1886";"1";"4";"92";"93";"1013";"CD:72:02:F4:FB:67"
"620";"2024-11-25 16:14:46";"2283";"1896";"1886";"1";"4";"92";"93";"1024";"CD:72:02:F4:FB:67"
"621";"2024-11-25 16:14:47";"2278";"1897";"1888";"1";"0";"92";"93";"1008";"CD:72:02:F4:FB:67"
"622";"2024-11-25 16:14:48";"2276";"1898";"1894";"1";"0";"91";"92";"1002";"CD:72:02:F4:FB:67"
"623";"2024-11-25 16:14:49";"2278";"1894";"1881";"1";"4";"92";"94";"1010";"CD:72:02:F4:FB:67"
"624";"2024-11-25 16:14:50";"2282";"1897";"1883";"1";"4";"91";"94";"1021";"CD:72:02:F4:FB:67"
"625";"2024-11-25 16:14:51";"2278";"1899";"1889";"1";"0";"91";"93";"1008";"CD:72:02:F4:FB:67"
"626";"2024-11-25 16:14:52";"2281";"1901";"1883";"1";"4";"91";"94";"1019";"CD:72:02:F4:FB:67"
"627";"2024-11-25 16:14:53";"2280";"1898";"1879";"1";"4";"91";"94";"1016";"CD:72:02:F4:FB:67"
"628";"2024-11-25 16:14:54";"2279";"1895";"1887";"1";"4";"92";"93";"1013";"CD:72:02:F4:FB:67"
"629";"2024-11-25 16:14:55";"2281";"1893";"1883";"1";"4";"92";"94";"1019";"CD:72:02:F4:FB:67"
"630";"2024-11-25 16:14:56";"2273";"1896";"1883";"1";"4";"92";"94";"997";"CD:72:02:F4:FB:67"
"631";"2024-11-25 16:14:57";"2275";"1903";"1883";"1";"4";"91";"94";"1002";"CD:72:02:F4:FB:67"
"632";"2024-11-25 16:14:58";"2273";"1896";"1891";"1";"0";"92";"93";"994";"CD:72:02:F4:FB:67"
"633";"2024-11-25 16:14:59";"2278";"1893";"1885";"1";"4";"92";"93";"1010";"CD:72:02:F4:FB:67"
"634";"2024-11-25 16:15:00";"2276";"1899";"1884";"1";"4";"91";"94";"1005";"CD:72:02:F4:FB:67"
"635";"2024-11-25 16:15:01";"2281";"1894";"1883";"1";"4";"92";"94";"1019";"CD:72:02:F4:FB:67"
"636";"2024-11-25 16:15:02";"2277";"1899";"1890";"1";"0";"91";"93";"1005";"CD:72:02:F4:FB:67"
"637";"2024-11-25 16:15:03";"2278";"1890";"1886";"1";"4";"93";"93";"1010";"CD:72:02:F4:FB:67"
"638";"2024-11-25 16:15:04";"2272";"1898";"1879";"1";"4";"91";"94";"994";"CD:72:02:F4:FB:67"
"639";"2024-11-25 16:15:05";"2281";"1899";"1887";"1";"0";"91";"93";"1016";"CD:72:02:F4:FB:67"
"640";"2024-11-25 16:15:06";"2278";"1905";"1881";"1";"4";"90";"94";"1010";"CD:72:02:F4:FB:67"
"641";"2024-11-25 16:15:07";"2282";"1896";"1885";"1";"4";"92";"93";"1021";"CD:72:02:F4:FB:67"
"642";"2024-11-25 16:15:08";"2282";"1898";"1888";"1";"0";"91";"93";"1019";"CD:72:02:F4:FB:67"
"643";"2024-11-25 16:15:09";"2278";"1900";"1882";"1";"4";"91";"94";"1010";"CD:72:02:F4:FB:67"
"644";"2024-11-25 16:15:10";"2279";"1893";"1882";"1";"4";"92";"94";"1013";"CD:72:02:F4:FB:67"
"645";"2024-11-25 16:15:11";"2279";"1894";"1887";"1";"4";"92";"93";"1013";"CD:72:02:F4:FB:67"
"646";"2024-11-25 16:15:12";"2277";"1892";"1888";"1";"4";"92";"93";"1008";"CD:72:02:F4:FB:67"
"647";"2024-11-25 16:15:13";"2279";"1892";"1886";"1";"4";"92";"93";"1013";"CD:72:02:F4:FB:67"
"648";"2024-11-25 16:15:14";"2280";"1899";"1887";"1";"0";"91";"93";"1013";"CD:72:02:F4:FB:67"
"649";"2024-11-25 16:15:15";"2283";"1895";"1880";"1";"4";"92";"94";"1024";"CD:72:02:F4:FB:67"
"650";"2024-11-25 16:15:16";"2278";"1896";"1891";"1";"0";"92";"92";"1008";"CD:72:02:F4:FB:67"
"651";"2024-11-25 16:15:17";"2268";"1894";"1881";"1";"4";"92";"94";"983";"CD:72:02:F4:FB:67"
"652";"2024-11-25 16:15:18";"2274";"1901";"1894";"1";"0";"91";"92";"997";"CD:72:02:F4:FB:67"
"653";"2024-11-25 16:15:19";"2282";"1901";"1878";"1";"4";"91";"94";"1021";"CD:72:02:F4:FB:67"
"654";"2024-11-25 16:15:20";"2274";"1901";"1882";"1";"4";"91";"94";"1000";"CD:72:02:F4:FB:67"
"655";"2024-11-25 16:15:21";"2281";"1894";"1885";"1";"4";"92";"93";"1019";"CD:72:02:F4:FB:67"
"656";"2024-11-25 16:15:22";"2281";"1895";"1887";"1";"4";"92";"93";"1019";"CD:72:02:F4:FB:67"
"657";"2024-11-25 16:15:23";"2277";"1898";"1887";"1";"0";"91";"93";"1005";"CD:72:02:F4:FB:67"
"658";"2024-11-25 16:15:24";"2277";"1898";"1890";"1";"0";"91";"93";"1005";"CD:72:02:F4:FB:67"
"659";"2024-11-25 16:15:25";"2274";"1896";"1879";"1";"4";"92";"94";"1000";"CD:72:02:F4:FB:67"
"660";"2024-11-25 16:15:26";"2278";"1898";"1888";"1";"0";"91";"93";"1008";"CD:72:02:F4:FB:67"
"661";"2024-11-25 16:15:27";"2271";"1896";"1889";"1";"0";"92";"93";"989";"CD:72:02:F4:FB:67"
"662";"2024-11-25 16:15:28";"2277";"1897";"1894";"1";"0";"92";"92";"1005";"CD:72:02:F4:FB:67"
"663";"2024-11-25 16:15:29";"2279";"1894";"1880";"1";"4";"92";"94";"1013";"CD:72:02:F4:FB:67"
"664";"2024-11-25 16:15:30";"2280";"1899";"1883";"1";"4";"91";"94";"1016";"CD:72:02:F4:FB:67"
"665";"2024-11-25 16:15:31";"2284";"1900";"1884";"1";"4";"91";"93";"1027";"CD:72:02:F4:FB:67"
"666";"2024-11-25 16:15:32";"2280";"1894";"1881";"1";"4";"92";"94";"1016";"CD:72:02:F4:FB:67"
"667";"2024-11-25 16:16:24";"1505";"1904";"1904";"2";"180";"90";"90";"1109";"CD:72:02:F4:FB:67"
"668";"2024-11-25 16:16:25";"1521";"1890";"1896";"2";"180";"92";"92";"1065";"CD:72:02:F4:FB:67"
"669";"2024-11-25 16:16:26";"1516";"1898";"1905";"2";"180";"91";"90";"1079";"CD:72:02:F4:FB:67"
"670";"2024-11-25 16:16:27";"1516";"1892";"1892";"2";"180";"92";"92";"1079";"CD:72:02:F4:FB:67"
"671";"2024-11-25 16:16:28";"1521";"1899";"1896";"2";"180";"91";"92";"1065";"CD:72:02:F4:FB:67"
"672";"2024-11-25 16:16:29";"1503";"1894";"1897";"2";"180";"92";"91";"1115";"CD:72:02:F4:FB:67"
"673";"2024-11-25 16:16:30";"1518";"1891";"1904";"2";"180";"92";"90";"1073";"CD:72:02:F4:FB:67"
"674";"2024-11-25 16:16:31";"1515";"1877";"1897";"2";"175";"94";"91";"1084";"CD:72:02:F4:FB:67"
"675";"2024-11-25 16:16:32";"1519";"1889";"1904";"2";"180";"93";"90";"1071";"CD:72:02:F4:FB:67"
"676";"2024-11-25 16:16:33";"1510";"1892";"1906";"2";"180";"92";"90";"1095";"CD:72:02:F4:FB:67"
"677";"2024-11-25 16:16:34";"1521";"1888";"1897";"2";"180";"93";"91";"1065";"CD:72:02:F4:FB:67"
"678";"2024-11-25 16:16:35";"1517";"1893";"1899";"2";"180";"92";"91";"1076";"CD:72:02:F4:FB:67"
"679";"2024-11-25 16:16:36";"1503";"1887";"1899";"2";"180";"93";"91";"1115";"CD:72:02:F4:FB:67"
"680";"2024-11-25 16:16:37";"1508";"1888";"1900";"2";"180";"93";"91";"1101";"CD:72:02:F4:FB:67"
"681";"2024-11-25 16:16:38";"1516";"1889";"1905";"2";"180";"93";"90";"1079";"CD:72:02:F4:FB:67"
"682";"2024-11-25 16:16:39";"1511";"1896";"1910";"2";"180";"92";"90";"1093";"CD:72:02:F4:FB:67"
"683";"2024-11-25 16:16:40";"1513";"1885";"1904";"2";"180";"93";"90";"1087";"CD:72:02:F4:FB:67"
"684";"2024-11-25 16:16:41";"1519";"1883";"1888";"2";"175";"93";"93";"1073";"CD:72:02:F4:FB:67"
"685";"2024-11-25 16:16:42";"1507";"1883";"1903";"2";"180";"93";"90";"1104";"CD:72:02:F4:FB:67"
"686";"2024-11-25 16:16:43";"1512";"1893";"1906";"2";"180";"92";"90";"1090";"CD:72:02:F4:FB:67"
"687";"2024-11-25 16:16:44";"1521";"1887";"1900";"2";"180";"93";"91";"1065";"CD:72:02:F4:FB:67"
"688";"2024-11-25 16:16:45";"1503";"1886";"1895";"2";"180";"93";"92";"1115";"CD:72:02:F4:FB:67"
"689";"2024-11-25 16:16:46";"1507";"1890";"1904";"2";"180";"92";"90";"1104";"CD:72:02:F4:FB:67"
"690";"2024-11-25 16:16:47";"1513";"1888";"1904";"2";"180";"93";"90";"1087";"CD:72:02:F4:FB:67"
"691";"2024-11-25 16:16:48";"1504";"1888";"1914";"2";"180";"93";"89";"1112";"CD:72:02:F4:FB:67"
"692";"2024-11-25 16:16:49";"1518";"1883";"1907";"2";"180";"93";"90";"1073";"CD:72:02:F4:FB:67"
"693";"2024-11-25 16:16:50";"1514";"1895";"1903";"2";"180";"92";"91";"1084";"CD:72:02:F4:FB:67"
"694";"2024-11-25 16:16:51";"1517";"1890";"1895";"2";"180";"92";"92";"1076";"CD:72:02:F4:FB:67"
"695";"2024-11-25 16:16:52";"1522";"1890";"1899";"2";"180";"92";"91";"1063";"CD:72:02:F4:FB:67"
"696";"2024-11-25 16:16:53";"1513";"1891";"1902";"2";"180";"92";"91";"1087";"CD:72:02:F4:FB:67"
"697";"2024-11-25 16:16:54";"1511";"1895";"1900";"2";"180";"92";"91";"1093";"CD:72:02:F4:FB:67"
"698";"2024-11-25 16:16:55";"1517";"1892";"1899";"2";"180";"92";"91";"1076";"CD:72:02:F4:FB:67"
"699";"2024-11-25 16:16:56";"1516";"1884";"1903";"2";"180";"93";"91";"1079";"CD:72:02:F4:FB:67"
"700";"2024-11-25 16:16:57";"1505";"1888";"1906";"2";"180";"93";"90";"1109";"CD:72:02:F4:FB:67"
"701";"2024-11-25 16:16:58";"1503";"1898";"1909";"2";"180";"91";"90";"1115";"CD:72:02:F4:FB:67"
"702";"2024-11-25 16:16:59";"1514";"1894";"1903";"2";"180";"92";"91";"1084";"CD:72:02:F4:FB:67"
"703";"2024-11-25 16:17:00";"1514";"1896";"1909";"2";"180";"92";"90";"1084";"CD:72:02:F4:FB:67"
"704";"2024-11-25 16:17:01";"1512";"1894";"1907";"2";"180";"92";"90";"1090";"CD:72:02:F4:FB:67"
"705";"2024-11-25 16:17:02";"1514";"1887";"1898";"2";"180";"93";"91";"1084";"CD:72:02:F4:FB:67"
"706";"2024-11-25 16:17:03";"1520";"1894";"1912";"2";"180";"92";"89";"1068";"CD:72:02:F4:FB:67"
"707";"2024-11-25 16:17:04";"1521";"1900";"1911";"2";"180";"91";"89";"1065";"CD:72:02:F4:FB:67"
"708";"2024-11-25 16:17:05";"1507";"1889";"1909";"2";"180";"92";"90";"1104";"CD:72:02:F4:FB:67"
"709";"2024-11-25 16:17:06";"1515";"1903";"1902";"2";"180";"91";"91";"1082";"CD:72:02:F4:FB:67"
"710";"2024-11-25 16:17:07";"1515";"1884";"1898";"2";"175";"93";"91";"1084";"CD:72:02:F4:FB:67"
"711";"2024-11-25 16:17:08";"1501";"1890";"1907";"2";"180";"92";"90";"1120";"CD:72:02:F4:FB:67"
"712";"2024-11-25 16:17:09";"1513";"1889";"1899";"2";"180";"93";"91";"1087";"CD:72:02:F4:FB:67"
"713";"2024-11-25 16:17:10";"1510";"1884";"1898";"2";"175";"93";"91";"1098";"CD:72:02:F4:FB:67"
"714";"2024-11-25 16:17:11";"1517";"1886";"1908";"2";"180";"93";"90";"1076";"CD:72:02:F4:FB:67"
"715";"2024-11-25 16:17:12";"1513";"1895";"1898";"2";"180";"92";"91";"1087";"CD:72:02:F4:FB:67"
"716";"2024-11-25 16:17:13";"1512";"1888";"1907";"2";"180";"93";"90";"1090";"CD:72:02:F4:FB:67"
"717";"2024-11-25 16:17:14";"1510";"1892";"1910";"2";"180";"92";"90";"1095";"CD:72:02:F4:FB:67"
"718";"2024-11-25 16:17:15";"1511";"1897";"1904";"2";"180";"91";"90";"1093";"CD:72:02:F4:FB:67"
"719";"2024-11-25 16:17:16";"1517";"1898";"1898";"2";"180";"91";"91";"1076";"CD:72:02:F4:FB:67"
"720";"2024-11-25 16:17:17";"1507";"1887";"1897";"2";"180";"93";"91";"1104";"CD:72:02:F4:FB:67"
"721";"2024-11-25 16:17:18";"1514";"1895";"1899";"2";"180";"92";"91";"1084";"CD:72:02:F4:FB:67"
"722";"2024-11-25 16:17:19";"1512";"1879";"1904";"2";"175";"94";"90";"1093";"CD:72:02:F4:FB:67"
"723";"2024-11-25 16:17:20";"1521";"1889";"1898";"2";"180";"93";"91";"1065";"CD:72:02:F4:FB:67"
"724";"2024-11-25 16:17:21";"1510";"1892";"1902";"2";"180";"92";"91";"1095";"CD:72:02:F4:FB:67"
"725";"2024-11-25 16:17:22";"1508";"1888";"1904";"2";"180";"93";"90";"1101";"CD:72:02:F4:FB:67"
"726";"2024-11-25 16:17:23";"1505";"1886";"1906";"2";"180";"93";"90";"1109";"CD:72:02:F4:FB:67"
"727";"2024-11-25 16:17:24";"1510";"1888";"1910";"2";"180";"93";"90";"1095";"CD:72:02:F4:FB:67"
"728";"2024-11-25 16:17:25";"1513";"1892";"1892";"2";"180";"92";"92";"1087";"CD:72:02:F4:FB:67"
"729";"2024-11-25 16:17:26";"1517";"1893";"1903";"2";"180";"92";"91";"1076";"CD:72:02:F4:FB:67"
"730";"2024-11-25 16:17:27";"1515";"1889";"1897";"2";"180";"93";"91";"1082";"CD:72:02:F4:FB:67"
"731";"2024-11-25 16:17:28";"1513";"1891";"1902";"2";"180";"92";"91";"1087";"CD:72:02:F4:FB:67"
"732";"2024-11-25 16:17:29";"1516";"1892";"1898";"2";"180";"92";"91";"1079";"CD:72:02:F4:FB:67"
"733";"2024-11-25 16:17:30";"1510";"1891";"1905";"2";"180";"92";"90";"1095";"CD:72:02:F4:FB:67"
"734";"2024-11-25 16:17:31";"1509";"1887";"1900";"2";"180";"93";"91";"1098";"CD:72:02:F4:FB:67"
"735";"2024-11-25 16:17:32";"1514";"1894";"1912";"2";"180";"92";"89";"1084";"CD:72:02:F4:FB:67"
"736";"2024-11-25 16:17:33";"1516";"1887";"1898";"2";"180";"93";"91";"1079";"CD:72:02:F4:FB:67"
"737";"2024-11-25 16:17:35";"1509";"1890";"1917";"2";"180";"92";"88";"1098";"CD:72:02:F4:FB:67"
"738";"2024-11-25 16:17:35";"1510";"1889";"1894";"2";"180";"93";"92";"1095";"CD:72:02:F4:FB:67"
"739";"2024-11-25 16:17:36";"1513";"1890";"1910";"2";"180";"92";"90";"1087";"CD:72:02:F4:FB:67"
"740";"2024-11-25 16:17:37";"1509";"1878";"1898";"2";"175";"94";"91";"1101";"CD:72:02:F4:FB:67"
"741";"2024-11-25 16:17:38";"1513";"1886";"1910";"2";"180";"93";"90";"1087";"CD:72:02:F4:FB:67"
"742";"2024-11-25 16:17:39";"1510";"1891";"1898";"2";"180";"92";"91";"1095";"CD:72:02:F4:FB:67"
"743";"2024-11-25 16:17:40";"1517";"1896";"1913";"2";"180";"92";"89";"1076";"CD:72:02:F4:FB:67"
"744";"2024-11-25 16:17:41";"1512";"1897";"1889";"2";"180";"91";"93";"1090";"CD:72:02:F4:FB:67"
"745";"2024-11-25 16:17:42";"1509";"1897";"1895";"2";"180";"91";"92";"1098";"CD:72:02:F4:FB:67"
"746";"2024-11-25 16:17:43";"1513";"1882";"1908";"2";"180";"94";"90";"1087";"CD:72:02:F4:FB:67"
"747";"2024-11-25 16:17:44";"1500";"1896";"1920";"2";"180";"91";"88";"1123";"CD:72:02:F4:FB:67"
"748";"2024-11-25 16:17:45";"1514";"1882";"1903";"2";"175";"94";"91";"1087";"CD:72:02:F4:FB:67"
"749";"2024-11-25 16:17:46";"1516";"1892";"1906";"2";"180";"92";"90";"1079";"CD:72:02:F4:FB:67"
"750";"2024-11-25 16:17:47";"1518";"1891";"1904";"2";"180";"92";"90";"1073";"CD:72:02:F4:FB:67"
"751";"2024-11-25 16:17:48";"1520";"1887";"1906";"2";"180";"93";"90";"1068";"CD:72:02:F4:FB:67"
"752";"2024-11-25 16:17:49";"1532";"1896";"1903";"2";"180";"92";"91";"1035";"CD:72:02:F4:FB:67"
"753";"2024-11-25 16:17:51";"1517";"1895";"1895";"2";"180";"92";"92";"1076";"CD:72:02:F4:FB:67"
"754";"2024-11-25 16:17:51";"1513";"1901";"1901";"2";"180";"91";"91";"1087";"CD:72:02:F4:FB:67"
"755";"2024-11-25 16:17:52";"1513";"1892";"1909";"2";"180";"92";"90";"1087";"CD:72:02:F4:FB:67"
"756";"2024-11-25 16:17:53";"1512";"1892";"1909";"2";"180";"92";"90";"1090";"CD:72:02:F4:FB:67"
"757";"2024-11-25 16:17:54";"1529";"1885";"1902";"2";"180";"93";"91";"1043";"CD:72:02:F4:FB:67"
"758";"2024-11-25 16:17:56";"1503";"1883";"1921";"2";"175";"93";"88";"1117";"CD:72:02:F4:FB:67"
"759";"2024-11-25 16:17:56";"1518";"1893";"1906";"2";"180";"92";"90";"1073";"CD:72:02:F4:FB:67"
"760";"2024-11-25 16:17:57";"1505";"1883";"1901";"2";"180";"93";"91";"1109";"CD:72:02:F4:FB:67"
"761";"2024-11-25 16:17:58";"1521";"1895";"1899";"2";"180";"92";"91";"1065";"CD:72:02:F4:FB:67"
"762";"2024-11-25 16:17:59";"1518";"1902";"1902";"2";"180";"91";"91";"1073";"CD:72:02:F4:FB:67"
"763";"2024-11-25 16:18:01";"1510";"1894";"1908";"2";"180";"92";"90";"1095";"CD:72:02:F4:FB:67"
"764";"2024-11-25 16:18:01";"1503";"1885";"1912";"2";"180";"93";"89";"1115";"CD:72:02:F4:FB:67"
"765";"2024-11-25 16:18:02";"1521";"1903";"1894";"2";"180";"91";"92";"1065";"CD:72:02:F4:FB:67"
"766";"2024-11-25 16:18:03";"1511";"1888";"1907";"2";"180";"93";"90";"1093";"CD:72:02:F4:FB:67"
